{
    "$schema": "https://schema.management.azure.com/schemas/2015-01-01/deploymentParameters.json#",
    "contentVersion": "1.0.0.0",
    "parameters": {
        "virtualMachines_vm_02_name": {
            "value": null
        },
        "availabilitySets_SONIYA_AS_SET_externalid": {
            "value": null
        },
        "disks_vm_02_OsDisk_1_1c2ce6a63b664024a248a958bbe013ca_externalid": {
            "value": null
        },
        "networkInterfaces_vm_01673_02_externalid": {
            "value": null
        }
    }
}