{
    "$schema": "https://schema.management.azure.com/schemas/2015-01-01/deploymentTemplate.json#",
    "contentVersion": "1.0.0.0",
    "parameters": {
        "virtualMachines_vm_02_name": {
            "defaultValue": "vm-02",
            "type": "String"
        },
        "availabilitySets_SONIYA_AS_SET_externalid": {
            "defaultValue": "/subscriptions/6690b014-bdbd-4496-98ee-f2f255699f70/resourceGroups/soniya-rg/providers/Microsoft.Compute/availabilitySets/SONIYA-AS-SET",
            "type": "String"
        },
        "disks_vm_02_OsDisk_1_1c2ce6a63b664024a248a958bbe013ca_externalid": {
            "defaultValue": "/subscriptions/6690b014-bdbd-4496-98ee-f2f255699f70/resourceGroups/SONIYA-RG/providers/Microsoft.Compute/disks/vm-02_OsDisk_1_1c2ce6a63b664024a248a958bbe013ca",
            "type": "String"
        },
        "networkInterfaces_vm_01673_02_externalid": {
            "defaultValue": "/subscriptions/6690b014-bdbd-4496-98ee-f2f255699f70/resourceGroups/soniya-rg/providers/Microsoft.Network/networkInterfaces/vm-01673-02",
            "type": "String"
        }
    },
    "variables": {},
    "resources": [
        {
            "type": "Microsoft.Compute/virtualMachines",
            "apiVersion": "2019-07-01",
            "name": "[parameters('virtualMachines_vm_02_name')]",
            "location": "northeurope",
            "properties": {
                "availabilitySet": {
                    "id": "[parameters('availabilitySets_SONIYA_AS_SET_externalid')]"
                },
                "hardwareProfile": {
                    "vmSize": "Standard_DS1_v2"
                },
                "storageProfile": {
                    "imageReference": {
                        "publisher": "MicrosoftWindowsServer",
                        "offer": "WindowsServer",
                        "sku": "2019-Datacenter",
                        "version": "latest"
                    },
                    "osDisk": {
                        "osType": "Windows",
                        "name": "[concat(parameters('virtualMachines_vm_02_name'), '_OsDisk_1_1c2ce6a63b664024a248a958bbe013ca')]",
                        "createOption": "FromImage",
                        "caching": "ReadWrite",
                        "managedDisk": {
                            "id": "[parameters('disks_vm_02_OsDisk_1_1c2ce6a63b664024a248a958bbe013ca_externalid')]"
                        }
                    },
                    "dataDisks": []
                },
                "osProfile": {
                    "computerName": "[parameters('virtualMachines_vm_02_name')]",
                    "adminUsername": "emranuser",
                    "windowsConfiguration": {
                        "provisionVMAgent": true,
                        "enableAutomaticUpdates": true
                    },
                    "secrets": [],
                    "allowExtensionOperations": true,
                    "requireGuestProvisionSignal": true
                },
                "networkProfile": {
                    "networkInterfaces": [
                        {
                            "id": "[parameters('networkInterfaces_vm_01673_02_externalid')]"
                        }
                    ]
                }
            }
        }
    ]
}