{
    "$schema": "https://schema.management.azure.com/schemas/2015-01-01/deploymentParameters.json#",
    "contentVersion": "1.0.0.0",
    "parameters": {
        "virtualMachines_vm_01_name": {
            "value": null
        },
        "availabilitySets_SONIYA_AS_SET_externalid": {
            "value": null
        },
        "disks_vm_01_OsDisk_1_b866ff6bf07a4cec87f41c396873e43f_externalid": {
            "value": null
        },
        "networkInterfaces_vm_01673_externalid": {
            "value": null
        }
    }
}