{
    "$schema": "https://schema.management.azure.com/schemas/2015-01-01/deploymentParameters.json#",
    "contentVersion": "1.0.0.0",
    "parameters": {
        "loadBalancers_internal_lb_name": {
            "value": null
        },
        "virtualNetworks_soniya_rg_vnet_externalid": {
            "value": null
        },
        "networkInterfaces_linux_01462_02_externalid": {
            "value": null
        },
        "networkInterfaces_linux_01462_externalid": {
            "value": null
        }
    }
}