{
    "$schema": "https://schema.management.azure.com/schemas/2015-01-01/deploymentTemplate.json#",
    "contentVersion": "1.0.0.0",
    "parameters": {
        "loadBalancers_internal_lb_name": {
            "defaultValue": "internal-lb",
            "type": "String"
        },
        "virtualNetworks_soniya_rg_vnet_externalid": {
            "defaultValue": "/subscriptions/6690b014-bdbd-4496-98ee-f2f255699f70/resourceGroups/soniya-rg/providers/Microsoft.Network/virtualNetworks/soniya-rg-vnet",
            "type": "String"
        },
        "networkInterfaces_linux_01462_02_externalid": {
            "defaultValue": "/subscriptions/6690b014-bdbd-4496-98ee-f2f255699f70/resourceGroups/soniya-rg/providers/Microsoft.Network/networkInterfaces/linux-01462-02",
            "type": "String"
        },
        "networkInterfaces_linux_01462_externalid": {
            "defaultValue": "/subscriptions/6690b014-bdbd-4496-98ee-f2f255699f70/resourceGroups/soniya-rg/providers/Microsoft.Network/networkInterfaces/linux-01462",
            "type": "String"
        }
    },
    "variables": {},
    "resources": [
        {
            "type": "Microsoft.Network/loadBalancers",
            "apiVersion": "2019-11-01",
            "name": "[parameters('loadBalancers_internal_lb_name')]",
            "location": "northeurope",
            "sku": {
                "name": "Basic"
            },
            "properties": {
                "frontendIPConfigurations": [
                    {
                        "name": "LoadBalancerFrontEnd",
                        "properties": {
                            "privateIPAddress": "172.16.0.6",
                            "privateIPAllocationMethod": "Dynamic",
                            "subnet": {
                                "id": "[concat(parameters('virtualNetworks_soniya_rg_vnet_externalid'), '/subnets/default')]"
                            },
                            "privateIPAddressVersion": "IPv4"
                        }
                    }
                ],
                "backendAddressPools": [
                    {
                        "name": "backend-pool",
                        "properties": {
                            "provisioningState": "Succeeded",
                            "backendIPConfigurations": [
                                {
                                    "id": "[concat(parameters('networkInterfaces_linux_01462_02_externalid'), '/ipConfigurations/ipconfig1')]"
                                },
                                {
                                    "id": "[concat(parameters('networkInterfaces_linux_01462_externalid'), '/ipConfigurations/ipconfig1')]"
                                }
                            ],
                            "loadBalancingRules": [
                                {
                                    "id": "[concat(resourceId('Microsoft.Network/loadBalancers', parameters('loadBalancers_internal_lb_name')), '/loadBalancingRules/backend-lbrule')]"
                                }
                            ]
                        }
                    }
                ],
                "loadBalancingRules": [
                    {
                        "name": "backend-lbrule",
                        "properties": {
                            "frontendIPConfiguration": {
                                "id": "[concat(resourceId('Microsoft.Network/loadBalancers', parameters('loadBalancers_internal_lb_name')), '/frontendIPConfigurations/LoadBalancerFrontEnd')]"
                            },
                            "frontendPort": 80,
                            "backendPort": 80,
                            "enableFloatingIP": false,
                            "idleTimeoutInMinutes": 4,
                            "protocol": "Tcp",
                            "enableTcpReset": false,
                            "loadDistribution": "Default",
                            "backendAddressPool": {
                                "id": "[concat(resourceId('Microsoft.Network/loadBalancers', parameters('loadBalancers_internal_lb_name')), '/backendAddressPools/backend-pool')]"
                            },
                            "probe": {
                                "id": "[concat(resourceId('Microsoft.Network/loadBalancers', parameters('loadBalancers_internal_lb_name')), '/probes/backend-health')]"
                            }
                        }
                    }
                ],
                "probes": [
                    {
                        "name": "backend-health",
                        "properties": {
                            "protocol": "Tcp",
                            "port": 80,
                            "intervalInSeconds": 5,
                            "numberOfProbes": 2
                        }
                    }
                ],
                "inboundNatRules": [],
                "inboundNatPools": []
            }
        }
    ]
}