{
    "$schema": "https://schema.management.azure.com/schemas/2015-01-01/deploymentParameters.json#",
    "contentVersion": "1.0.0.0",
    "parameters": {
        "virtualMachines_linux_02_name": {
            "value": null
        },
        "availabilitySets_LINUX_AS_externalid": {
            "value": null
        },
        "disks_linux_02_OsDisk_1_402440c0d2c9458f966a0ae20cc0c993_externalid": {
            "value": null
        },
        "networkInterfaces_linux_01462_02_externalid": {
            "value": null
        }
    }
}