{
    "$schema": "https://schema.management.azure.com/schemas/2015-01-01/deploymentParameters.json#",
    "contentVersion": "1.0.0.0",
    "parameters": {
        "loadBalancers_public_lb_name": {
            "value": null
        },
        "publicIPAddresses_public_ip_externalid": {
            "value": null
        },
        "networkInterfaces_vm_01673_externalid": {
            "value": null
        },
        "networkInterfaces_vm_01673_02_externalid": {
            "value": null
        }
    }
}