{
    "$schema": "https://schema.management.azure.com/schemas/2015-01-01/deploymentTemplate.json#",
    "contentVersion": "1.0.0.0",
    "parameters": {
        "loadBalancers_public_lb_name": {
            "defaultValue": "public-lb",
            "type": "String"
        },
        "publicIPAddresses_public_ip_externalid": {
            "defaultValue": "/subscriptions/6690b014-bdbd-4496-98ee-f2f255699f70/resourceGroups/soniya-rg/providers/Microsoft.Network/publicIPAddresses/public-ip",
            "type": "String"
        },
        "networkInterfaces_vm_01673_externalid": {
            "defaultValue": "/subscriptions/6690b014-bdbd-4496-98ee-f2f255699f70/resourceGroups/soniya-rg/providers/Microsoft.Network/networkInterfaces/vm-01673",
            "type": "String"
        },
        "networkInterfaces_vm_01673_02_externalid": {
            "defaultValue": "/subscriptions/6690b014-bdbd-4496-98ee-f2f255699f70/resourceGroups/soniya-rg/providers/Microsoft.Network/networkInterfaces/vm-01673-02",
            "type": "String"
        }
    },
    "variables": {},
    "resources": [
        {
            "type": "Microsoft.Network/loadBalancers",
            "apiVersion": "2019-11-01",
            "name": "[parameters('loadBalancers_public_lb_name')]",
            "location": "northeurope",
            "sku": {
                "name": "Basic"
            },
            "properties": {
                "frontendIPConfigurations": [
                    {
                        "name": "LoadBalancerFrontEnd",
                        "properties": {
                            "privateIPAllocationMethod": "Dynamic",
                            "publicIPAddress": {
                                "id": "[parameters('publicIPAddresses_public_ip_externalid')]"
                            },
                            "privateIPAddressVersion": "IPv4"
                        }
                    }
                ],
                "backendAddressPools": [
                    {
                        "name": "frontend-pool",
                        "properties": {
                            "provisioningState": "Succeeded",
                            "backendIPConfigurations": [
                                {
                                    "id": "[concat(parameters('networkInterfaces_vm_01673_externalid'), '/ipConfigurations/ipconfig1')]"
                                },
                                {
                                    "id": "[concat(parameters('networkInterfaces_vm_01673_02_externalid'), '/ipConfigurations/ipconfig1')]"
                                }
                            ],
                            "loadBalancingRules": [
                                {
                                    "id": "[concat(resourceId('Microsoft.Network/loadBalancers', parameters('loadBalancers_public_lb_name')), '/loadBalancingRules/frontend-lbrule')]"
                                }
                            ]
                        }
                    }
                ],
                "loadBalancingRules": [
                    {
                        "name": "frontend-lbrule",
                        "properties": {
                            "frontendIPConfiguration": {
                                "id": "[concat(resourceId('Microsoft.Network/loadBalancers', parameters('loadBalancers_public_lb_name')), '/frontendIPConfigurations/LoadBalancerFrontEnd')]"
                            },
                            "frontendPort": 80,
                            "backendPort": 80,
                            "enableFloatingIP": false,
                            "idleTimeoutInMinutes": 4,
                            "protocol": "Tcp",
                            "enableTcpReset": false,
                            "loadDistribution": "Default",
                            "backendAddressPool": {
                                "id": "[concat(resourceId('Microsoft.Network/loadBalancers', parameters('loadBalancers_public_lb_name')), '/backendAddressPools/frontend-pool')]"
                            },
                            "probe": {
                                "id": "[concat(resourceId('Microsoft.Network/loadBalancers', parameters('loadBalancers_public_lb_name')), '/probes/frontend-healthprove')]"
                            }
                        }
                    }
                ],
                "probes": [
                    {
                        "name": "frontend-healthprove",
                        "properties": {
                            "protocol": "Tcp",
                            "port": 80,
                            "intervalInSeconds": 5,
                            "numberOfProbes": 2
                        }
                    }
                ],
                "inboundNatRules": [],
                "inboundNatPools": []
            }
        }
    ]
}