{
    "$schema": "https://schema.management.azure.com/schemas/2015-01-01/deploymentParameters.json#",
    "contentVersion": "1.0.0.0",
    "parameters": {
        "virtualMachines_linux_01_name": {
            "value": null
        },
        "availabilitySets_LINUX_AS_externalid": {
            "value": null
        },
        "disks_linux_01_OsDisk_1_429c93a8baf148cd92123f346e3f1855_externalid": {
            "value": null
        },
        "networkInterfaces_linux_01462_externalid": {
            "value": null
        }
    }
}